{"cameraMode":{"drawMode":0,"name":"Shaded","section":"Shading Mode"},"sceneLighting":true,"audioPlay":false,"sceneViewState":{"m_AlwaysRefresh":false,"showFog":true,"showSkybox":true,"showFlares":true,"showImageEffects":true,"showParticleSystems":true,"showVisualEffectGraphs":true,"m_FxEnabled":true},"in2DMode":false,"pivot":{"x":552.636962890625,"y":254.936279296875,"z":-483.46038818359377},"rotation":{"x":0.0011893678456544877,"y":0.0009121951297856867,"z":-0.0000377124197257217,"w":-1.0000240802764893},"size":107.7599105834961,"orthographic":false}