{"cameraMode":{"drawMode":0,"name":"Shaded","section":"Shading Mode"},"sceneLighting":true,"audioPlay":false,"sceneViewState":{"m_AlwaysRefresh":false,"showFog":true,"showSkybox":true,"showFlares":true,"showImageEffects":true,"showParticleSystems":true,"showVisualEffectGraphs":true,"m_FxEnabled":true},"in2DMode":false,"pivot":{"x":471.0138854980469,"y":286.1054382324219,"z":-72.25236511230469},"rotation":{"x":-0.00030857103411108255,"y":0.003351022722199559,"z":-0.00035302137257531285,"w":-1.0001894235610963},"size":105.08280944824219,"orthographic":false}