{"cameraMode":{"drawMode":0,"name":"Shaded","section":"Shading Mode"},"sceneLighting":true,"audioPlay":false,"sceneViewState":{"m_AlwaysRefresh":false,"showFog":true,"showSkybox":true,"showFlares":true,"showImageEffects":true,"showParticleSystems":true,"showVisualEffectGraphs":true,"m_FxEnabled":true},"in2DMode":false,"pivot":{"x":1.7195444107055665,"y":20.426193237304689,"z":20.253631591796876},"rotation":{"x":-0.08562976121902466,"y":-0.05119876563549042,"z":0.009315825067460537,"w":-0.9951698184013367},"size":0.8660253882408142,"orthographic":false}