{"cameraMode":{"drawMode":0,"name":"Shaded","section":"Shading Mode"},"sceneLighting":true,"audioPlay":false,"sceneViewState":{"m_AlwaysRefresh":false,"showFog":true,"showSkybox":true,"showFlares":true,"showImageEffects":true,"showParticleSystems":true,"showVisualEffectGraphs":true,"m_FxEnabled":true},"in2DMode":false,"pivot":{"x":-1.4553757905960084,"y":12.992966651916504,"z":-19.117595672607423},"rotation":{"x":0.11701159924268723,"y":0.022338924929499627,"z":-0.0026325599756091835,"w":0.9928780794143677},"size":17.515125274658204,"orthographic":false}