{"cameraMode":{"drawMode":0,"name":"Shaded","section":"Shading Mode"},"sceneLighting":true,"audioPlay":false,"sceneViewState":{"m_AlwaysRefresh":false,"showFog":true,"showSkybox":true,"showFlares":true,"showImageEffects":true,"showParticleSystems":true,"showVisualEffectGraphs":true,"m_FxEnabled":true},"in2DMode":false,"pivot":{"x":-2.1196327209472658,"y":-3.1575822830200197,"z":105.53057098388672},"rotation":{"x":-0.03779522702097893,"y":0.018896469846367837,"z":-0.0007534796604886651,"w":-0.9991337656974793},"size":47.18130874633789,"orthographic":false}