{"cameraMode":{"drawMode":0,"name":"Shaded","section":"Shading Mode"},"sceneLighting":true,"audioPlay":false,"sceneViewState":{"m_AlwaysRefresh":false,"showFog":true,"showSkybox":true,"showFlares":true,"showImageEffects":true,"showParticleSystems":true,"showVisualEffectGraphs":true,"m_FxEnabled":true},"in2DMode":false,"pivot":{"x":-6.073551177978516,"y":5.641204833984375,"z":-20.78261947631836},"rotation":{"x":-0.039266057312488559,"y":-0.04641665518283844,"z":0.0017277020961046219,"w":-0.9982242584228516},"size":1.1661689281463624,"orthographic":false}