{"cameraMode":{"drawMode":0,"name":"Shaded","section":"Shading Mode"},"sceneLighting":true,"audioPlay":false,"sceneViewState":{"m_AlwaysRefresh":false,"showFog":true,"showSkybox":true,"showFlares":true,"showImageEffects":true,"showParticleSystems":true,"showVisualEffectGraphs":true,"m_FxEnabled":true},"in2DMode":false,"pivot":{"x":1.1771756410598755,"y":16.235858917236329,"z":522.2517700195313},"rotation":{"x":-0.06926381587982178,"y":0.013827160932123661,"z":-0.0008266203221864998,"w":-0.9976961016654968},"size":13.830071449279786,"orthographic":false}